Id,Name,Email,Phone
1,matsya,matsya@gmail.com,1001001
2,Kurma,kurma@gmail.com,2002002
3,Varaha,varaha@gmail.com,3003003
4,Narasimha,narasimha@gmail.com,4004004
5,Vamana,vamana@gmail.com,5005005
6,parusharam,parusharam@gmail.com,6006006
7,Ram,ram@gmail.com,7007007
8,Krishna,Krishna@gmail.com,8008008
9,Balaram,balaram@gmail.com,9009009
10,kalki,kalki@gmail.com,10010010
